datazone,city,retailer_count,total_population,retailer_per_10000,income_rank,health_rank
S01010206,Glasgow,0,0,0,6969,3436
S01010226,Glasgow,0,0,0,6969,4559
S01010227,Glasgow,2,0,0,6969,4823
S01010219,Glasgow,1,372,27,2579.5,4035
S01010258,Glasgow,10,1826,55,6964,6976
S01009774,Glasgow,4,628,64,3631,4942
S01010410,Glasgow,4,566,71,6907,6457
S01010286,Glasgow,19,2420,79,6357,6895
S01010186,Glasgow,5,620,81,4685.5,3542
S01008453,Edinburgh,6,693,87,3196,3191
S01009813,Glasgow,8,915,87,95,837
S01010190,Glasgow,8,908,88,5759,6525
S01008452,Edinburgh,6,676,89,266,793
S01010392,Glasgow,9,1015,89,6083.5,6968
S01009011,Edinburgh,8,880,91,6803.5,6676
S01008427,Edinburgh,10,1084,92,6785,6521
S01009010,Edinburgh,9,977,92,5509,5768
S01010462,Glasgow,9,971,93,40,608
S01008960,Edinburgh,11,1159,95,6595,6860
S01010303,Glasgow,6,632,95,975,2496
S01010036,Glasgow,10,1041,96,6769,6953
S01008492,Edinburgh,13,1341,97,2977,3062
S01008502,Edinburgh,7,719,97,6360,6935
S01008927,Edinburgh,10,1032,97,3211,3543
S01010302,Glasgow,8,822,97,965,1730
S01010235,Glasgow,10,1016,98,4533,3397
S01009004,Edinburgh,7,693,101,4480,4792
S01008787,Edinburgh,4,392,102,34,25
S01008912,Edinburgh,8,787,102,6333,6162
S01008500,Edinburgh,5,486,103,1250,505
S01008683,Edinburgh,21,2033,103,2878,2956
S01009808,Glasgow,6,584,103,2203,1813
S01010174,Glasgow,13,1248,104,4133,2930
S01009012,Edinburgh,8,760,105,6897,6344
S01008450,Edinburgh,7,660,106,1012,2119
S01010251,Glasgow,8,758,106,5546,6550
S01010203,Glasgow,9,843,107,4683,4455
S01008451,Edinburgh,8,735,109,533,534
S01009773,Glasgow,8,730,110,3715,5456
S01008687,Edinburgh,8,707,113,3942,5766
S01008425,Edinburgh,44,3847,114,6961,6955
S01010128,Glasgow,6,525,114,50,37
S01010259,Glasgow,16,1401,114,1794,1824
S01010389,Glasgow,16,1404,114,6302,6707
S01008449,Edinburgh,10,867,115,934,1380
S01008779,Edinburgh,9,785,115,5818,6352
S01008989,Edinburgh,7,610,115,5739,6060
S01010017,Glasgow,9,784,115,632,965
S01010284,Glasgow,28,2429,115,5904,6070
S01008622,Edinburgh,6,512,117,6969,6917
S01008804,Edinburgh,9,768,117,2431,1873
S01009941,Glasgow,12,1028,117,2559,4303
S01010217,Glasgow,12,1025,117,232,757
S01009928,Glasgow,11,933,118,5810,5629
S01009997,Glasgow,7,593,118,3203,3594
S01008621,Edinburgh,9,759,119,6773,6964
S01008810,Edinburgh,9,759,119,5882,6918
S01009939,Glasgow,7,589,119,103,792
S01008619,Edinburgh,6,498,120,5269,6792
S01008647,Edinburgh,8,665,120,5292,6579
S01008719,Edinburgh,13,1086,120,3369,3884
S01008844,Edinburgh,9,747,120,5017,5583
S01008959,Edinburgh,10,830,120,3490,4227
S01008573,Edinburgh,11,909,121,5539,4657
S01008601,Edinburgh,26,2147,121,6752,6355
S01010230,Glasgow,12,987,122,48,173
S01008802,Edinburgh,13,1050,124,3741,3018
S01008842,Edinburgh,13,1052,124,6439,6869
S01010313,Glasgow,7,566,124,63,79
S01008761,Edinburgh,9,720,125,4385.5,3104
S01009983,Glasgow,8,642,125,72,225
S01008616,Edinburgh,8,634,126,6530.5,6969
S01008932,Edinburgh,12,954,126,3308.5,4463
S01010070,Glasgow,8,636,126,4799,3008
S01010166,Glasgow,14,1114,126,1614,1106
S01010438,Glasgow,11,873,126,703,1333
S01008740,Edinburgh,7,552,127,5838.5,6624
S01008795,Edinburgh,15,1183,127,4640,5426
S01010378,Glasgow,10,786,127,5253,5284
S01008547,Edinburgh,13,1017,128,5478,5494
S01008548,Edinburgh,11,861,128,4268,5063
S01009973,Glasgow,9,702,128,2591.5,2906
S01010102,Glasgow,11,861,128,4911,4904
S01010261,Glasgow,29,2269,128,3473,3390
S01008805,Edinburgh,9,699,129,5385,6005
S01008991,Edinburgh,12,927,129,4892,6406
S01008692,Edinburgh,18,1381,130,3834,5183
S01010384,Glasgow,20,1538,130,5737,6142
S01008649,Edinburgh,13,995,131,4206,4067
S01009831,Glasgow,10,763,131,3025,2761
S01009903,Glasgow,11,839,131,2261,2302
S01010191,Glasgow,9,685,131,3721,4860
S01008491,Edinburgh,13,986,132,4410,4504
S01008516,Edinburgh,14,1063,132,4898,5512
S01008934,Edinburgh,12,908,132,1653,2007
S01009792,Glasgow,13,986,132,4256,4801
S01008721,Edinburgh,11,829,133,6457,6274
S01009804,Glasgow,7,526,133,2729,1893
S01009923,Glasgow,12,902,133,3687,3664
S01008760,Edinburgh,13,969,134,270,276
S01009794,Glasgow,7,522,134,5735,5421
S01008620,Edinburgh,10,741,135,6852,6947
S01008668,Edinburgh,9,665,135,5731,6569
S01009970,Glasgow,13,961,135,187,473
S01010204,Glasgow,11,817,135,127,264
S01008496,Edinburgh,14,1027,136,4428,5238
S01008501,Edinburgh,9,661,136,4888,6588
S01008666,Edinburgh,15,1106,136,6341,6921
S01008770,Edinburgh,13,958,136,6050,6958
S01008743,Edinburgh,13,951,137,1967,2128
S01010000,Glasgow,8,582,137,3568,2733
S01010294,Glasgow,10,731,137,4811,6148
S01009927,Glasgow,8,579,138,2797,3228
S01008800,Edinburgh,16,1149,139,4205,5555
S01009911,Glasgow,14,1004,139,4548,3764
S01009933,Glasgow,13,932,139,525,939
S01010199,Glasgow,10,720,139,610,516
S01008569,Edinburgh,10,715,140,121,123
S01008617,Edinburgh,11,785,140,6931,6945
S01008717,Edinburgh,6,428,140,3335,4859
S01010030,Glasgow,12,857,140,2607,3693
S01010170,Glasgow,7,499,140,551,329
S01010299,Glasgow,8,573,140,680,813
S01008672,Edinburgh,11,781,141,5863,6532
S01008978,Edinburgh,9,640,141,6217.5,6473
S01008561,Edinburgh,10,705,142,3547.5,2777
S01008835,Edinburgh,12,847,142,5446,5674
S01008925,Edinburgh,11,774,142,1785,3522
S01008968,Edinburgh,23,1625,142,5987,6122
S01010353,Glasgow,15,1060,142,102,162
S01008656,Edinburgh,10,697,143,2012,2198
S01008682,Edinburgh,13,906,143,3755,4086
S01008758,Edinburgh,12,837,143,918,708
S01009888,Glasgow,11,769,143,1008,3462
S01009985,Glasgow,9,631,143,54,168
S01010149,Glasgow,17,1188,143,1613,578
S01010162,Glasgow,13,911,143,130,1187
S01010433,Glasgow,9,631,143,101,422
S01008662,Edinburgh,8,555,144,3463,3596
S01008958,Edinburgh,14,975,144,2582,2339
S01009758,Glasgow,9,624,144,5861.5,3273
S01009780,Glasgow,10,695,144,132,83
S01009868,Glasgow,12,832,144,3352,3556
S01010116,Glasgow,17,1182,144,3522,2721
S01010187,Glasgow,8,554,144,3644,2622
S01010293,Glasgow,14,969,144,2855,3780
S01008528,Edinburgh,10,691,145,3846,5535
S01008839,Edinburgh,16,1100,145,5209,6206
S01008956,Edinburgh,12,826,145,4921,5053
S01009764,Glasgow,10,688,145,577,821
S01010035,Glasgow,9,620,145,4685.5,5871
S01010434,Glasgow,9,620,145,74,273
S01009005,Edinburgh,11,756,146,4253,4887
S01009782,Glasgow,11,754,146,1770,1603
S01009899,Glasgow,12,821,146,2946,2753
S01008441,Edinburgh,7,477,147,6800,6773
S01008574,Edinburgh,10,680,147,5779,4883
S01009995,Glasgow,9,614,147,3452,3612
S01010103,Glasgow,15,1017,147,4997,5024
S01010278,Glasgow,9,612,147,672,1263
S01010500,Glasgow,15,1022,147,311,179
S01008706,Edinburgh,9,610,148,566,612
S01008759,Edinburgh,9,609,148,909,866
S01008771,Edinburgh,16,1082,148,3290,4857
S01008799,Edinburgh,11,744,148,3648,4561
S01009966,Glasgow,11,743,148,6257,5047
S01010351,Glasgow,14,946,148,1548,2656
S01008454,Edinburgh,14,940,149,694,1060
S01008899,Edinburgh,13,874,149,828,2161
S01009999,Glasgow,10,670,149,4619,4840
S01008602,Edinburgh,10,667,150,4784,5506
S01008614,Edinburgh,11,731,150,4923,5143
S01008618,Edinburgh,10,666,150,6814,6887
S01008776,Edinburgh,13,865,150,1404,1207
S01008808,Edinburgh,11,733,150,3312,3295
S01009978,Glasgow,15,1001,150,143,117
S01010078,Glasgow,9,599,150,4933,3778
S01008544,Edinburgh,10,662,151,6501,6956
S01008612,Edinburgh,11,729,151,5335.5,5619
S01008632,Edinburgh,12,797,151,3605,3342
S01008998,Edinburgh,12,796,151,1607,1963
S01009013,Edinburgh,13,862,151,6790,6314
S01009759,Glasgow,13,860,151,23,255
S01009770,Glasgow,10,664,151,4071,3801
S01008667,Edinburgh,16,1056,152,4555,6091
S01009772,Glasgow,11,723,152,4684,5055
S01010047,Glasgow,12,787,152,24,90
S01008754,Edinburgh,10,654,153,2714,3009
S01008781,Edinburgh,17,1113,153,2139,1792
S01008913,Edinburgh,11,721,153,4470,5660
S01010269,Glasgow,9,589,153,3393,3715
S01008481,Edinburgh,25,1619,154,3291,2494
S01008524,Edinburgh,14,911,154,1111,1351
S01008658,Edinburgh,23,1489,154,3697,3613
S01009875,Glasgow,13,842,154,922,1186
S01008762,Edinburgh,9,582,155,5160,4401
S01008815,Edinburgh,14,904,155,3064,4418
S01008926,Edinburgh,9,579,155,3313.5,4048
S01009974,Glasgow,10,645,155,161,364
S01010125,Glasgow,8,516,155,1448,1892
S01010146,Glasgow,12,772,155,240,141
S01010503,Glasgow,10,647,155,198,243
S01009866,Glasgow,14,894,157,1748,2099
S01010138,Glasgow,15,957,157,7,5
S01010232,Glasgow,16,1016,157,1497,865
S01010345,Glasgow,14,894,157,5185,5832
S01010465,Glasgow,15,957,157,5527,4760
S01008654,Edinburgh,15,949,158,3121,4160
S01008911,Edinburgh,20,1262,158,5221,4706
S01009810,Glasgow,14,886,158,418,729
S01010361,Glasgow,12,760,158,185,297
S01008503,Edinburgh,15,945,159,5877.5,6864
S01008640,Edinburgh,13,820,159,6722,6847
S01008840,Edinburgh,18,1133,159,6326,6362
S01010133,Glasgow,11,693,159,141,109
S01010276,Glasgow,20,1255,159,6925,6920
S01008703,Edinburgh,18,1128,160,223,650
S01009001,Edinburgh,15,935,160,4610,5225
S01009824,Glasgow,15,939,160,1264,1595
S01009865,Glasgow,10,626,160,3350,2604
S01009986,Glasgow,8,500,160,47,267
S01010430,Glasgow,15,937,160,669,1043
S01008456,Edinburgh,16,996,161,352,314
S01008467,Edinburgh,13,806,161,3258,3820
S01008508,Edinburgh,14,870,161,6794.5,6836
S01009786,Glasgow,15,934,161,122,197
S01009796,Glasgow,12,744,161,4448,3892
S01009854,Glasgow,13,806,161,1510,1068
S01009931,Glasgow,14,867,161,5797,6555
S01009993,Glasgow,14,870,161,3067,3843
S01010018,Glasgow,19,1183,161,1086,1391
S01010216,Glasgow,10,621,161,125,369
S01008455,Edinburgh,16,987,162,1040,1675
S01008603,Edinburgh,18,1109,162,4563,4204
S01009885,Glasgow,14,866,162,2692,3182
S01008483,Edinburgh,10,612,163,1537,2180
S01008580,Edinburgh,9,551,163,3734.5,4178
S01008665,Edinburgh,23,1415,163,3944,4743
S01008769,Edinburgh,16,981,163,3828,5348
S01009990,Glasgow,12,734,163,2782,3196
S01010020,Glasgow,12,737,163,1360,1224
S01010113,Glasgow,11,674,163,254,190
S01010132,Glasgow,16,981,163,720,454
S01008796,Edinburgh,18,1095,164,2441,2368
S01008888,Edinburgh,11,672,164,6355.5,6789
S01010001,Glasgow,14,852,164,2478,3218
S01010026,Glasgow,16,974,164,531,695
S01009761,Glasgow,14,846,165,2784,2782
S01009769,Glasgow,19,1152,165,4126,3061
S01009771,Glasgow,14,846,165,3593,3791
S01010002,Glasgow,12,726,165,3149,3043
S01010045,Glasgow,10,606,165,86,202
S01010108,Glasgow,12,729,165,807,217
S01010281,Glasgow,16,971,165,4501,6321
S01010387,Glasgow,25,1512,165,3465,3134
S01008643,Edinburgh,13,781,166,6187,6853
S01008671,Edinburgh,12,725,166,5206,6302
S01008812,Edinburgh,9,542,166,6361,6882
S01008837,Edinburgh,20,1202,166,4608.5,4809
S01009829,Glasgow,15,906,166,1228,654
S01009946,Glasgow,15,902,166,1625,2155
S01010115,Glasgow,10,602,166,2224,2191
S01010119,Glasgow,9,542,166,647,252
S01010441,Glasgow,16,965,166,3366,3515
S01008641,Edinburgh,16,959,167,6954,6965
S01008645,Edinburgh,14,836,167,5316,6578
S01008931,Edinburgh,24,1433,167,1267,1791
S01009992,Glasgow,12,718,167,401,513
S01010123,Glasgow,11,659,167,168,436
S01010318,Glasgow,25,1500,167,2254,2317
S01010390,Glasgow,18,1078,167,2787,3126
S01008535,Edinburgh,12,713,168,6748,6138
S01008596,Edinburgh,15,891,168,2456,2138
S01008644,Edinburgh,14,833,168,4010,5762
S01008651,Edinburgh,28,1667,168,4545,4317
S01008806,Edinburgh,18,1073,168,4299,5638
S01009884,Glasgow,13,773,168,1259,3175
S01010468,Glasgow,16,955,168,4546,5287
S01008497,Edinburgh,16,944,169,4596,5450
S01008629,Edinburgh,11,649,169,5999,6417
S01009906,Glasgow,12,708,169,2550.5,3935
S01010367,Glasgow,27,1596,169,6375,6677
S01008638,Edinburgh,15,882,170,3868,4074
S01008906,Edinburgh,14,823,170,1254,1169
S01009878,Glasgow,13,763,170,1022,2596
S01009944,Glasgow,13,765,170,1765.5,1628
S01010016,Glasgow,12,707,170,1183,1261
S01010068,Glasgow,22,1293,170,2029,2264
S01010348,Glasgow,17,998,170,1960,1047
S01010445,Glasgow,16,939,170,1060,879
S01008590,Edinburgh,14,817,171,6309.5,6185
S01008801,Edinburgh,16,935,171,4427,4162
S01008420,Edinburgh,8,466,172,6298,5913
S01008841,Edinburgh,13,755,172,5941,6717
S01008919,Edinburgh,10,582,172,307,460
S01009845,Glasgow,16,932,172,1157,1259
S01009947,Glasgow,10,583,172,1832,1846
S01010004,Glasgow,12,696,172,4989,5134
S01010064,Glasgow,9,524,172,1436,1557
S01010222,Glasgow,14,812,172,822,1793
S01010253,Glasgow,11,639,172,93,66
S01010255,Glasgow,13,757,172,201,480
S01010350,Glasgow,16,931,172,350,508
S01010373,Glasgow,15,870,172,5079,5202
S01010385,Glasgow,15,872,172,3256,3276
S01010427,Glasgow,20,1161,172,646,1285
S01008542,Edinburgh,29,1678,173,6857,6831
S01008664,Edinburgh,14,807,173,4536,4371
S01008798,Edinburgh,14,809,173,3240,4027
S01010342,Glasgow,11,636,173,4287,3762
S01010439,Glasgow,17,980,173,744,1741
S01008534,Edinburgh,11,634,174,6530.5,6309
S01008745,Edinburgh,9,517,174,6212,6699
S01008947,Edinburgh,19,1089,174,6368,6606
S01009894,Glasgow,15,864,174,344,770
S01010104,Glasgow,16,918,174,4079.5,4447
S01010163,Glasgow,12,688,174,105,21
S01010182,Glasgow,12,688,174,3765,3184
S01010344,Glasgow,12,690,174,58,116
S01008522,Edinburgh,9,515,175,6765,6850
S01008685,Edinburgh,39,2224,175,3959,3059
S01008739,Edinburgh,10,573,175,4263,5096
S01010382,Glasgow,15,858,175,3310,3430
S01008663,Edinburgh,17,964,176,3692,2785
S01010058,Glasgow,14,797,176,700,423
S01010292,Glasgow,19,1078,176,5696,6590
S01010295,Glasgow,19,1077,176,4170,5934
S01008477,Edinburgh,14,793,177,1911,1506
S01008669,Edinburgh,9,509,177,6678,6866
S01008821,Edinburgh,13,734,177,4771,6428
S01008499,Edinburgh,19,1068,178,3810,5103
S01008604,Edinburgh,20,1121,178,5990,6387
S01009762,Glasgow,21,1183,178,830,1499
S01009948,Glasgow,14,786,178,313,604
S01010069,Glasgow,15,845,178,3552,1923
S01010268,Glasgow,15,843,178,3404,3421
S01008505,Edinburgh,13,726,179,6447,6596
S01008688,Edinburgh,17,948,179,3541,6262
S01008713,Edinburgh,12,669,179,151,672
S01008746,Edinburgh,19,1062,179,1194,1986
S01008786,Edinburgh,19,1059,179,3032,2487
S01009763,Glasgow,14,783,179,5008,6391
S01009949,Glasgow,16,895,179,1804,2200
S01009991,Glasgow,14,780,179,2340,3289
S01010042,Glasgow,26,1455,179,1977,2627
S01010218,Glasgow,20,1120,179,422,427
S01010266,Glasgow,12,669,179,4246,5572
S01010330,Glasgow,12,671,179,114,82
S01010488,Glasgow,14,782,179,329,282
S01008469,Edinburgh,12,668,180,3206,4395
S01008924,Edinburgh,17,945,180,1032,778
S01009790,Glasgow,11,612,180,1791,1880
S01009816,Glasgow,13,721,180,2698,3060
S01010239,Glasgow,15,833,180,875,929
S01008436,Edinburgh,18,993,181,6164,5577
S01008461,Edinburgh,17,940,181,339,818
S01008889,Edinburgh,16,885,181,6673,6715
S01010192,Glasgow,15,827,181,4877,5353
S01008648,Edinburgh,11,606,182,4634,5578
S01009984,Glasgow,13,715,182,692,1847
S01010442,Glasgow,14,768,182,763,1738
S01010498,Glasgow,17,935,182,298,412
S01008584,Edinburgh,16,873,183,2375,3144
S01008615,Edinburgh,16,874,183,6510.5,6630
S01008859,Edinburgh,20,1090,183,4798,5077
S01008902,Edinburgh,20,1090,183,1714,3015
S01009007,Edinburgh,13,712,183,4407,3266
S01009887,Glasgow,17,928,183,411,959
S01009922,Glasgow,21,1146,183,5129,5698
S01010338,Glasgow,10,547,183,225,81
S01008530,Edinburgh,13,708,184,414,1408
S01008650,Edinburgh,15,817,184,4049,4959
S01008686,Edinburgh,23,1252,184,2229,1539
S01010453,Glasgow,14,761,184,343,887
S01008653,Edinburgh,15,812,185,3161,3404
S01008813,Edinburgh,20,1081,185,2179,2438
S01008820,Edinburgh,21,1137,185,2036,1575
S01008836,Edinburgh,13,701,185,2799,2725
S01009778,Glasgow,15,809,185,181,186
S01009855,Glasgow,11,594,185,3207,2163
S01010010,Glasgow,20,1079,185,4083,4312
S01010023,Glasgow,12,648,185,11,41
S01010479,Glasgow,20,1080,185,1689,1074
S01008433,Edinburgh,15,806,186,6031,6353
S01008631,Edinburgh,18,966,186,6130,6829
S01008681,Edinburgh,25,1347,186,3464,3635
S01008755,Edinburgh,17,916,186,1970.5,2321
S01009807,Glasgow,18,970,186,2135,2527
S01010044,Glasgow,22,1183,186,897,581
S01010339,Glasgow,10,537,186,1105,1053
S01010355,Glasgow,16,861,186,552,222
S01010502,Glasgow,15,806,186,2026,1550
S01008543,Edinburgh,14,749,187,6589,6871
S01008807,Edinburgh,15,801,187,3754,5050
S01010091,Glasgow,18,963,187,4131,3828
S01010270,Glasgow,24,1286,187,432,253
S01008445,Edinburgh,22,1170,188,4613,4271
S01008462,Edinburgh,11,584,188,303,333
S01008504,Edinburgh,21,1120,188,6453,6897
S01008843,Edinburgh,20,1064,188,5312,5580
S01008961,Edinburgh,13,691,188,5947,6464
S01009841,Glasgow,17,905,188,1038.5,810
S01009905,Glasgow,14,746,188,1571,3155
S01010027,Glasgow,18,956,188,1544,1989
S01010201,Glasgow,12,640,188,2507.5,2005
S01010285,Glasgow,15,799,188,2560,2955
S01010395,Glasgow,19,1011,188,2003,2509
S01010416,Glasgow,14,744,188,6046.5,6006
S01008523,Edinburgh,19,1004,189,6905,6960
S01008696,Edinburgh,12,634,189,6294,6649
S01008757,Edinburgh,12,634,189,222,54
S01008901,Edinburgh,18,950,189,2497.5,2683
S01009009,Edinburgh,9,476,189,1506,1888
S01009821,Glasgow,12,635,189,3255,3433
S01009857,Glasgow,17,898,189,2650,2248
S01010160,Glasgow,11,583,189,124,143
S01010308,Glasgow,19,1006,189,3969,4568
S01008435,Edinburgh,15,789,190,6873,6556
S01008611,Edinburgh,26,1365,190,6419,6803
S01008751,Edinburgh,12,630,190,2924,2794
S01009869,Glasgow,11,579,190,2882,3788
S01009892,Glasgow,15,789,190,336,429
S01010083,Glasgow,14,735,190,1218,1148
S01010422,Glasgow,22,1156,190,3478,3105
S01010423,Glasgow,17,896,190,405,413
S01010475,Glasgow,14,737,190,5359,4761
S01008434,Edinburgh,18,940,191,6074,6372
S01008709,Edinburgh,14,734,191,726,886
S01008797,Edinburgh,17,888,191,4393,3824
S01009976,Glasgow,9,471,191,29,36
S01010257,Glasgow,33,1732,191,3565,2205
S01008864,Edinburgh,28,1456,192,6921,6813
S01009953,Glasgow,17,885,192,4009,5669
S01010050,Glasgow,35,1822,192,420,458
S01010234,Glasgow,22,1147,192,3332,3185
S01008550,Edinburgh,15,777,193,5531,6618
S01008803,Edinburgh,19,983,193,2085,2174
S01008811,Edinburgh,18,934,193,6557,6679
S01009886,Glasgow,15,779,193,932,2274
S01010331,Glasgow,17,880,193,215,181
S01010437,Glasgow,11,570,193,1295.5,1623
S01008788,Edinburgh,15,774,194,4826,5092
S01010202,Glasgow,19,980,194,162,265
S01010381,Glasgow,14,721,194,5127,4735
S01008575,Edinburgh,16,821,195,6670.5,6828
S01008886,Edinburgh,18,923,195,6882,6823
S01008979,Edinburgh,14,718,195,3711,6171
S01009823,Glasgow,14,717,195,931,800
S01009825,Glasgow,20,1026,195,1061,713
S01009882,Glasgow,25,1279,195,3474,4985
S01009924,Glasgow,21,1077,195,2815,3748
S01010171,Glasgow,23,1181,195,233,189
S01010300,Glasgow,20,1025,195,1483,721
S01010364,Glasgow,18,924,195,5727.5,5787
S01010369,Glasgow,15,770,195,2885,3159
S01008506,Edinburgh,18,918,196,5992,5072
S01009830,Glasgow,15,764,196,1410,2249
S01010310,Glasgow,14,713,196,464,425
S01010380,Glasgow,19,967,196,4689,4501
S01010398,Glasgow,21,1074,196,5594.5,5239
S01008490,Edinburgh,18,912,197,3598,4489
S01008994,Edinburgh,15,760,197,3141,3651
S01010248,Glasgow,17,862,197,4016,3954
S01010359,Glasgow,16,813,197,84,404
S01010443,Glasgow,11,559,197,2704.5,2415
S01010493,Glasgow,13,661,197,26,38
S01008464,Edinburgh,17,859,198,3983,4845
S01008774,Edinburgh,19,961,198,2068,1313
S01009989,Glasgow,17,857,198,2503,2006
S01009996,Glasgow,15,756,198,2252,3069
S01010399,Glasgow,24,1210,198,6746,6896
S01008691,Edinburgh,24,1209,199,3394,4523
S01008707,Edinburgh,19,953,199,85,228
S01008933,Edinburgh,13,652,199,485,860
S01009776,Glasgow,13,652,199,77,176
S01010167,Glasgow,16,804,199,446,247
S01010256,Glasgow,17,854,199,456.5,300
S01010327,Glasgow,18,906,199,1030,165
S01010397,Glasgow,11,553,199,4174,4594
S01010409,Glasgow,13,652,199,6611,6283
S01010343,Glasgow,17,848,200,5339,3859
S01008794,Edinburgh,17,847,201,1982,1283
S01008834,Edinburgh,23,1142,201,6809,6244
S01009765,Glasgow,20,996,201,2062,1432
S01009930,Glasgow,17,844,201,3521,4783
S01009932,Glasgow,15,745,201,3484,3885
S01010134,Glasgow,20,996,201,773,316
S01010205,Glasgow,13,647,201,532,93
S01010287,Glasgow,19,946,201,5444,5820
S01010494,Glasgow,12,597,201,755,1454
S01008600,Edinburgh,23,1137,202,5315,6610
S01008741,Edinburgh,19,940,202,6192,5860
S01008790,Edinburgh,14,692,202,2378,2378
S01008983,Edinburgh,13,643,202,3144,3573
S01009880,Glasgow,16,792,202,2841,3783
S01009900,Glasgow,17,842,202,4306,5048
S01010090,Glasgow,21,1041,202,3185,2116
S01010464,Glasgow,10,494,202,2073,2121
S01010491,Glasgow,15,742,202,108,275
S01009783,Glasgow,14,689,203,308,178
S01009958,Glasgow,18,885,203,6116,5712
S01009981,Glasgow,14,691,203,196,110
S01010490,Glasgow,14,689,203,107,367
S01008907,Edinburgh,19,930,204,996,1118
S01010088,Glasgow,39,1916,204,5604,5393
S01010209,Glasgow,20,980,204,209,131
S01010288,Glasgow,23,1130,204,5871,6849
S01008623,Edinburgh,18,879,205,6390,6972
S01008639,Edinburgh,20,977,205,5176,5803
S01008702,Edinburgh,14,684,205,2150,5199
S01008942,Edinburgh,17,829,205,5652,6549
S01010315,Glasgow,18,879,205,1098,2176
S01010362,Glasgow,17,831,205,27,87
S01010371,Glasgow,25,1217,205,5262,6407
S01008444,Edinburgh,18,872,206,6202,6178
S01008460,Edinburgh,17,824,206,152,390
S01008495,Edinburgh,20,971,206,4296,4643
S01008670,Edinburgh,17,826,206,6383,6450
S01008689,Edinburgh,18,875,206,4102,4664
S01008952,Edinburgh,18,875,206,1162,1197
S01009934,Glasgow,19,923,206,4331,5243
S01010060,Glasgow,21,1020,206,880,660
S01010478,Glasgow,20,970,206,358,188
S01008763,Edinburgh,19,920,207,5494.5,5408
S01008908,Edinburgh,26,1257,207,2074,2968
S01009925,Glasgow,15,725,207,4441.5,4356
S01010214,Glasgow,19,919,207,3323,3297
S01010481,Glasgow,13,629,207,94,359
S01008875,Edinburgh,18,866,208,4925,5809
S01009795,Glasgow,18,865,208,5378,5811
S01010085,Glasgow,15,720,208,4335,3301
S01010164,Glasgow,18,867,208,649,401
S01010340,Glasgow,16,768,208,473,988
S01008718,Edinburgh,13,621,209,4503,4538
S01008744,Edinburgh,23,1098,209,3091,3300
S01009859,Glasgow,26,1244,209,213,160
S01010014,Glasgow,22,1052,209,2756,3583
S01010073,Glasgow,16,764,209,3480,2267
S01010277,Glasgow,13,623,209,887,731
S01010324,Glasgow,18,858,210,460,198
S01008559,Edinburgh,15,710,211,3099,2797
S01008708,Edinburgh,22,1043,211,216,174
S01009920,Glasgow,19,900,211,4821,5067
S01010237,Glasgow,13,616,211,3145,3539
S01010320,Glasgow,16,759,211,1370,1699
S01010432,Glasgow,19,902,211,809,1212
S01008446,Edinburgh,25,1180,212,6913,6922
S01008592,Edinburgh,19,896,212,4475,4562
S01008694,Edinburgh,19,897,212,5194,6101
S01009768,Glasgow,16,755,212,1279,1604
S01010003,Glasgow,14,660,212,4473,3960
S01010195,Glasgow,11,519,212,1087,1042
S01008489,Edinburgh,13,610,213,3085,2681
S01008570,Edinburgh,21,987,213,853,794
S01008609,Edinburgh,22,1033,213,5923,5737
S01008652,Edinburgh,12,563,213,1983,2285
S01008816,Edinburgh,13,611,213,4139,3619
S01008853,Edinburgh,13,609,213,6063.5,6759
S01010135,Glasgow,16,751,213,618,489
S01010254,Glasgow,23,1078,213,1311,1003
S01010393,Glasgow,21,988,213,3986,3603
S01010474,Glasgow,17,800,213,2620,3330
S01008509,Edinburgh,21,983,214,6592,6496
S01008856,Edinburgh,12,560,214,6217.5,6854
S01009766,Glasgow,11,515,214,4678,3244
S01010314,Glasgow,36,1682,214,860,610
S01010394,Glasgow,20,936,214,262,274
S01010415,Glasgow,22,1030,214,1108,754
S01010455,Glasgow,19,886,214,62,23
S01010496,Glasgow,18,841,214,153,115
S01010501,Glasgow,24,1119,214,1024,471
S01008628,Edinburgh,16,743,215,5130,5388
S01008684,Edinburgh,25,1161,215,2011,2769
S01008986,Edinburgh,17,790,215,6525.5,5485
S01009926,Glasgow,17,792,215,3627.5,4669
S01009965,Glasgow,16,744,215,5011,3851
S01009971,Glasgow,23,1069,215,494,451
S01010007,Glasgow,20,929,215,4154,4289
S01010336,Glasgow,13,606,215,119,68
S01010372,Glasgow,12,557,215,6127,6704
S01008562,Edinburgh,19,878,216,458,210
S01010015,Glasgow,17,787,216,3714,3913
S01010332,Glasgow,15,694,216,81,63
S01010354,Glasgow,17,786,216,652,381
S01008529,Edinburgh,16,737,217,3589,3834
S01008874,Edinburgh,22,1016,217,5350,5640
S01009809,Glasgow,15,692,217,1908,1527
S01009889,Glasgow,20,920,217,442,1713
S01009994,Glasgow,14,645,217,3564,3994
S01008480,Edinburgh,14,641,218,2688,2612
S01008591,Edinburgh,19,870,218,5499,5875
S01010246,Glasgow,18,824,218,368,244
S01008485,Edinburgh,19,867,219,5382.5,5713
S01008493,Edinburgh,23,1052,219,3148,2315
S01008517,Edinburgh,20,914,219,5935,6514
S01008646,Edinburgh,20,914,219,6162,6442
S01008833,Edinburgh,23,1050,219,4944,6110
S01008854,Edinburgh,20,912,219,6844,6942
S01008900,Edinburgh,21,958,219,2689,2776
S01009000,Edinburgh,34,1550,219,5552,6223
S01009988,Glasgow,10,456,219,135,417
S01010057,Glasgow,12,549,219,609,1133
S01010118,Glasgow,19,868,219,90,44
S01010233,Glasgow,18,822,219,318,126
S01010376,Glasgow,17,776,219,4990,5878
S01008476,Edinburgh,17,772,220,1896,2561
S01008515,Edinburgh,18,819,220,6668,6929
S01008588,Edinburgh,19,865,220,6255,6600
S01008984,Edinburgh,11,501,220,3819,3924
S01009835,Glasgow,13,592,220,737,358
S01010006,Glasgow,25,1135,220,2278,2654
S01010011,Glasgow,16,728,220,956,759
S01010250,Glasgow,18,819,220,4444,4458
S01010329,Glasgow,13,592,220,1799,2097
S01008472,Edinburgh,16,725,221,1274,3024
S01008518,Edinburgh,20,905,221,6877,6724
S01008764,Edinburgh,15,680,221,3573,4380
S01008826,Edinburgh,15,678,221,3928,3771
S01008904,Edinburgh,23,1043,221,1317,2998
S01010008,Glasgow,17,768,221,3011,1854
S01010126,Glasgow,15,678,221,1252,720
S01008793,Edinburgh,11,496,222,1672,1896
S01008866,Edinburgh,17,766,222,6229,6859
S01008880,Edinburgh,14,630,222,5259.5,5394
S01008896,Edinburgh,16,721,222,6918,6908
S01009891,Glasgow,18,810,222,1765.5,2244
S01009908,Glasgow,23,1037,222,3912,4821
S01010168,Glasgow,11,495,222,767,1417
S01010307,Glasgow,19,857,222,4949,6465
S01010363,Glasgow,17,766,222,3614,4307
S01010426,Glasgow,16,722,222,1143,1744
S01010460,Glasgow,18,811,222,4458,5888
S01008723,Edinburgh,18,807,223,5186,6188
S01008791,Edinburgh,22,987,223,3911,6000
S01008857,Edinburgh,18,807,223,5463,6721
S01010019,Glasgow,16,719,223,80,51
S01010022,Glasgow,37,1658,223,1691,2421
S01009982,Glasgow,22,981,224,779,236
S01010194,Glasgow,14,626,224,1646,692
S01009827,Glasgow,19,845,225,1113,739
S01010024,Glasgow,19,846,225,568,326
S01010098,Glasgow,17,756,225,4780.5,3529
S01008814,Edinburgh,21,929,226,4846,5590
S01008871,Edinburgh,28,1237,226,6542,6890
S01009850,Glasgow,20,885,226,1502,1568
S01010112,Glasgow,21,929,226,190,50
S01010120,Glasgow,23,1019,226,71,122
S01008985,Edinburgh,21,926,227,4290,5584
S01010196,Glasgow,15,661,227,890,504
S01010365,Glasgow,23,1011,227,5837,5631
S01008442,Edinburgh,16,701,228,6738.5,6892
S01008507,Edinburgh,22,964,228,5858,6067
S01008519,Edinburgh,19,835,228,6774,6815
S01008568,Edinburgh,18,789,228,4411,4434
S01008818,Edinburgh,24,1051,228,5553,6324
S01009802,Glasgow,23,1008,228,819.5,1006
S01010326,Glasgow,23,1009,228,21,33
S01008541,Edinburgh,21,919,229,6588,6804
S01008606,Edinburgh,17,743,229,6399,6476
S01010169,Glasgow,19,831,229,359,491
S01008428,Edinburgh,16,696,230,3892,3399
S01008551,Edinburgh,21,913,230,4858,4943
S01008557,Edinburgh,33,1432,230,1426,1184
S01008699,Edinburgh,20,868,230,1972,2885
S01008867,Edinburgh,20,870,230,6958,6963
S01008969,Edinburgh,26,1129,230,5136,5477
S01009921,Glasgow,14,608,230,4457,4087
S01010213,Glasgow,21,912,230,947,392
S01008471,Edinburgh,20,866,231,735,499
S01008474,Edinburgh,19,821,231,893.5,1140
S01008576,Edinburgh,19,822,231,5281,5529
S01008589,Edinburgh,9,389,231,4182,4672
S01008756,Edinburgh,15,648,231,1306.5,816
S01009863,Glasgow,19,821,231,1446,1151
S01009896,Glasgow,27,1167,231,603,556
S01009987,Glasgow,19,823,231,509,470
S01010062,Glasgow,19,822,231,328,476
S01010347,Glasgow,21,909,231,550,421
S01008861,Edinburgh,18,777,232,6950,6966
S01010231,Glasgow,21,907,232,211,191
S01010472,Glasgow,18,776,232,1496,1778
S01010477,Glasgow,19,819,232,2583,2166
S01008725,Edinburgh,19,814,233,5209,4618
S01008982,Edinburgh,19,814,233,3917,4495
S01009826,Glasgow,14,602,233,818,1278
S01009872,Glasgow,16,687,233,2086,2924
S01009902,Glasgow,20,859,233,1470.5,1116
S01009959,Glasgow,15,644,233,5755.5,5374
S01010137,Glasgow,21,903,233,493,477
S01010312,Glasgow,19,814,233,13,8
S01010319,Glasgow,19,815,233,2805,3161
S01010341,Glasgow,14,601,233,2486,2504
S01010406,Glasgow,20,859,233,5783,6049
S01010447,Glasgow,24,1029,233,335,514
S01008426,Edinburgh,14,599,234,4081,3077
S01008678,Edinburgh,34,1456,234,4145,4524
S01009815,Glasgow,15,642,234,1591,1289
S01009817,Glasgow,16,683,234,1475,1797
S01009917,Glasgow,17,725,234,5819,5855
S01009942,Glasgow,22,939,234,491,542
S01010005,Glasgow,17,725,234,2134,1411
S01010178,Glasgow,25,1067,234,212,270
S01010223,Glasgow,14,598,234,654,108
S01010419,Glasgow,23,982,234,5988,6146
S01009839,Glasgow,22,937,235,409,349
S01009883,Glasgow,19,809,235,3183,3737
S01009977,Glasgow,21,895,235,28,39
S01010065,Glasgow,20,851,235,445,307
S01010144,Glasgow,19,808,235,945,548
S01010396,Glasgow,24,1023,235,2566,2225
S01008586,Edinburgh,20,848,236,2287,2145
S01008824,Edinburgh,24,1018,236,5741,6326
S01009881,Glasgow,13,550,236,2399.5,3210
S01010013,Glasgow,21,889,236,1676,2583
S01010029,Glasgow,16,677,236,182,171
S01010107,Glasgow,19,804,236,784,557
S01010198,Glasgow,24,1019,236,612,104
S01010304,Glasgow,18,764,236,392,77
S01008613,Edinburgh,19,802,237,6093,6328
S01008780,Edinburgh,13,548,237,3764,4430
S01008966,Edinburgh,14,590,237,6694,6143
S01010066,Glasgow,18,759,237,366,400
S01010121,Glasgow,14,591,237,59,46
S01010185,Glasgow,17,718,237,443,675
S01008463,Edinburgh,16,673,238,374,656
S01008466,Edinburgh,17,715,238,4162,3562
S01008598,Edinburgh,19,800,238,4906,5081
S01008642,Edinburgh,22,923,238,6590,6950
S01008765,Edinburgh,21,884,238,4449,3757
S01008783,Edinburgh,11,463,238,5111,6750
S01009793,Glasgow,32,1342,238,4509,4026
S01009960,Glasgow,20,842,238,4089,4243
S01010012,Glasgow,21,884,238,4053,4215
S01010140,Glasgow,20,842,238,2067,1273
S01010143,Glasgow,18,755,238,1150,819
S01010224,Glasgow,24,1007,238,33,103
S01010325,Glasgow,22,923,238,395,251
S01010335,Glasgow,19,799,238,526,153
S01010484,Glasgow,13,547,238,1381,1232
S01008661,Edinburgh,25,1046,239,3601,4166
S01008988,Edinburgh,26,1090,239,4341,4627
S01010211,Glasgow,20,838,239,351,335
S01010301,Glasgow,15,627,239,4017.5,5469
S01010317,Glasgow,23,962,239,2837,2373
S01008657,Edinburgh,18,749,240,3297,3779
S01008753,Edinburgh,14,583,240,1044,1867
S01008778,Edinburgh,28,1167,240,3482,3804
S01008930,Edinburgh,21,876,240,149,487
S01009779,Glasgow,15,625,240,235,187
S01009781,Glasgow,14,583,240,390,532
S01009910,Glasgow,13,542,240,4648.5,4746
S01010049,Glasgow,21,875,240,231,343
S01010229,Glasgow,31,1292,240,960,580
S01008701,Edinburgh,20,831,241,1110,1158
S01008782,Edinburgh,18,747,241,2526,2943
S01008905,Edinburgh,27,1121,241,1142,1170
S01009945,Glasgow,22,913,241,406,1173
S01010041,Glasgow,19,788,241,2028,2085
S01010370,Glasgow,17,705,241,6042,6629
S01008546,Edinburgh,19,786,242,6792,6794
S01008594,Edinburgh,27,1114,242,5901,5755
S01009952,Glasgow,17,703,242,4571,4880
S01010280,Glasgow,24,992,242,3963,4468
S01010296,Glasgow,17,703,242,1295.5,2222
S01008710,Edinburgh,11,452,243,444,704
S01008730,Edinburgh,21,865,243,2768,4443
S01008777,Edinburgh,26,1072,243,760,686
S01009870,Glasgow,17,701,243,2414,2579
S01010243,Glasgow,24,988,243,764,1393
S01010358,Glasgow,21,865,243,157,218
S01008527,Edinburgh,18,739,244,4628,5276
S01008838,Edinburgh,29,1188,244,5651,6118
S01009798,Glasgow,17,696,244,5515,5362
S01009801,Glasgow,21,859,244,478,904
S01009890,Glasgow,15,616,244,1205,1649
S01010247,Glasgow,18,738,244,1305,926
S01010333,Glasgow,25,1023,244,309,195
S01008585,Edinburgh,15,611,245,1204,3082
S01010177,Glasgow,17,693,245,53,298
S01010476,Glasgow,29,1182,245,3155,2549
S01008567,Edinburgh,20,812,246,1850,1806
S01008637,Edinburgh,21,855,246,6747,5272
S01009814,Glasgow,20,814,246,2724,2064
S01009929,Glasgow,14,570,246,4758,4619
S01010051,Glasgow,20,812,246,239,241
S01010411,Glasgow,28,1137,246,6430,6778
S01008498,Edinburgh,22,889,247,3072,2695
S01009812,Glasgow,18,728,247,1210,709
S01010145,Glasgow,22,892,247,1795,1787
S01008583,Edinburgh,18,727,248,2057,2508
S01008714,Edinburgh,14,565,248,1894,1977
S01008832,Edinburgh,21,846,248,6687,5916
S01008865,Edinburgh,24,966,248,6288.5,6805
S01008870,Edinburgh,22,888,248,6675,6568
S01009777,Glasgow,12,483,248,331,784
S01009828,Glasgow,18,725,248,144,133
S01010357,Glasgow,14,564,248,273,149
S01008976,Edinburgh,14,563,249,6665,6567
S01009846,Glasgow,25,1004,249,560,562
S01009856,Glasgow,16,642,249,2226,2744
S01010031,Glasgow,21,842,249,3424,3634
S01010034,Glasgow,33,1326,249,734,526
S01010173,Glasgow,19,764,249,1964,1789
S01010181,Glasgow,14,563,249,189,55
S01008728,Edinburgh,16,639,250,2533,3476
S01009800,Glasgow,25,1002,250,968,658
S01010322,Glasgow,27,1082,250,5561,5382
S01008531,Edinburgh,19,758,251,1891,2364
S01008860,Edinburgh,22,877,251,4682,5099
S01009979,Glasgow,13,518,251,172,883
S01010028,Glasgow,17,677,251,427,268
S01010242,Glasgow,19,758,251,662,439
S01008458,Edinburgh,26,1033,252,2828,3272
S01009784,Glasgow,18,715,252,164,139
S01009907,Glasgow,19,754,252,1235,1745
S01010101,Glasgow,17,675,252,4527,2909
S01010377,Glasgow,26,1030,252,4711.5,6619
S01008539,Edinburgh,21,830,253,6517,6807
S01008957,Edinburgh,26,1028,253,2814,3971
S01008962,Edinburgh,16,633,253,5329,5912
S01009791,Glasgow,20,789,253,483,603
S01010165,Glasgow,16,633,253,221,184
S01010360,Glasgow,23,909,253,332,486
S01010405,Glasgow,20,792,253,5629,6523
S01008855,Edinburgh,29,1141,254,6377,6898
S01008923,Edinburgh,22,867,254,1560,1899
S01008973,Edinburgh,24,944,254,5774.5,5815
S01008990,Edinburgh,23,904,254,4664,6092
S01009853,Glasgow,21,826,254,2223,1472
S01009876,Glasgow,10,393,254,301,2044
S01008459,Edinburgh,20,783,255,604,681
S01008608,Edinburgh,20,783,255,6136,5969
S01009803,Glasgow,19,745,255,421,399
S01009893,Glasgow,22,864,255,2148,2391
S01010025,Glasgow,14,550,255,346,345
S01010374,Glasgow,25,979,255,6872,6889
S01010383,Glasgow,18,705,255,1048,740
S01010454,Glasgow,20,784,255,1735,2451
S01008552,Edinburgh,22,858,256,6059,5290
S01008920,Edinburgh,35,1366,256,4495,5760
S01009860,Glasgow,26,1015,256,88,62
S01010141,Glasgow,24,936,256,98,88
S01010291,Glasgow,31,1209,256,3905,4190
S01010401,Glasgow,19,742,256,3677,4536
S01010403,Glasgow,26,1016,256,6028,5897
S01008655,Edinburgh,23,895,257,4557.5,4021
S01008695,Edinburgh,18,701,257,4371,6123
S01008819,Edinburgh,19,740,257,5369,4741
S01009847,Glasgow,20,779,257,1316,674
S01010056,Glasgow,14,544,257,120,96
S01010402,Glasgow,25,974,257,6073,6761
S01008977,Edinburgh,16,620,258,6885,6656
S01010444,Glasgow,17,660,258,1383,732
S01008419,Edinburgh,14,541,259,4861,5417
S01008872,Edinburgh,23,887,259,5943,6418
S01008929,Edinburgh,19,733,259,37,49
S01009956,Glasgow,19,735,259,2094.5,3040
S01010048,Glasgow,54,2081,259,326,368
S01010092,Glasgow,24,926,259,387,286
S01010105,Glasgow,11,424,259,436,92
S01010334,Glasgow,28,1082,259,1281,1341
S01010451,Glasgow,22,851,259,281.5,538
S01008440,Edinburgh,26,999,260,6523,6541
S01008465,Edinburgh,19,732,260,3682,4146
S01008486,Edinburgh,22,846,260,2702,2881
S01008697,Edinburgh,27,1039,260,5930,6354
S01009897,Glasgow,25,962,260,1767,1826
S01010210,Glasgow,21,808,260,1639,871
S01010428,Glasgow,19,730,260,4323,4477
S01008478,Edinburgh,22,844,261,1654,1326
S01009967,Glasgow,20,767,261,4870,5732
S01010183,Glasgow,12,460,261,564,340
S01010241,Glasgow,29,1112,261,1926,1298
S01010424,Glasgow,26,998,261,634,383
S01008521,Edinburgh,24,916,262,6692,6937
S01008636,Edinburgh,23,879,262,6718,6592
S01009912,Glasgow,23,877,262,3707,3215
S01009950,Glasgow,18,688,262,6081,6339
S01009964,Glasgow,23,878,262,4598,4635
S01010418,Glasgow,30,1143,262,5326,6168
S01008457,Edinburgh,16,609,263,1230,1012
S01008784,Edinburgh,12,456,263,2833,3092
S01009895,Glasgow,20,761,263,327,347
S01008494,Edinburgh,27,1024,264,2594,2001
S01008556,Edinburgh,21,796,264,1258,1856
S01008577,Edinburgh,23,871,264,4094,3098
S01008630,Edinburgh,16,606,264,6054,6392
S01008693,Edinburgh,12,454,264,5464.5,5402
S01008716,Edinburgh,15,568,264,1282,1624
S01008750,Edinburgh,18,682,264,6370,5490
S01008915,Edinburgh,15,569,264,5279,4999
S01009834,Glasgow,21,794,264,911,840
S01009909,Glasgow,25,947,264,3566,3816
S01010086,Glasgow,23,870,264,507,84
S01010197,Glasgow,15,569,264,508,260
S01010349,Glasgow,22,834,264,1094,986
S01008862,Edinburgh,25,943,265,5203,6045
S01008732,Edinburgh,17,640,266,1884.5,2598
S01008767,Edinburgh,15,564,266,2770,4471
S01008869,Edinburgh,32,1203,266,5232,6401
S01009840,Glasgow,24,903,266,870,452
S01009968,Glasgow,15,564,266,4029.5,3647
S01008439,Edinburgh,32,1198,267,6708,6747
S01009936,Glasgow,16,599,267,593,507
S01010431,Glasgow,18,675,267,6206,6261
S01010467,Glasgow,24,899,267,4523,3192
S01008488,Edinburgh,23,857,268,3216,3868
S01008845,Edinburgh,23,859,268,6585,6812
S01008892,Edinburgh,27,1009,268,4594,5080
S01010096,Glasgow,18,672,268,4629.5,3332
S01010279,Glasgow,18,672,268,1224,987
S01009864,Glasgow,18,669,269,1196,1704
S01010067,Glasgow,17,633,269,116,120
S01010072,Glasgow,21,780,269,2146,1487
S01010110,Glasgow,21,782,269,204.5,220
S01010420,Glasgow,19,707,269,5341,5390
S01009954,Glasgow,19,704,270,2033,3969
S01010142,Glasgow,18,667,270,386,64
S01010452,Glasgow,21,777,270,1990,1829
S01008752,Edinburgh,20,739,271,378,497
S01008817,Edinburgh,23,850,271,2690,2925
S01008858,Edinburgh,17,627,271,5624,6902
S01009901,Glasgow,24,886,271,5014,5446
S01010077,Glasgow,17,627,271,849,482
S01010117,Glasgow,38,1401,271,5536,5215
S01010139,Glasgow,28,1033,271,623,503
S01010157,Glasgow,16,591,271,106,147
S01010189,Glasgow,28,1033,271,5297,5671
S01010459,Glasgow,15,553,271,1433,1493
S01008514,Edinburgh,27,993,272,5751,5430
S01008918,Edinburgh,17,625,272,499,835
S01010238,Glasgow,24,883,272,2772,2791
S01010306,Glasgow,22,809,272,3611,3999
S01010466,Glasgow,23,846,272,5443,5145
S01008482,Edinburgh,17,623,273,2064,2573
S01008537,Edinburgh,18,659,273,6969,6910
S01010075,Glasgow,18,659,273,2060,1040
S01010429,Glasgow,27,989,273,5387.5,5411
S01008792,Edinburgh,24,877,274,2908,2734
S01008971,Edinburgh,20,731,274,6640,6916
S01009811,Glasgow,29,1058,274,730,614
S01010037,Glasgow,18,657,274,154,125
S01010161,Glasgow,17,620,274,1747,1383
S01010240,Glasgow,18,658,274,2524.5,2351
S01008890,Edinburgh,18,654,275,5699,5350
S01010114,Glasgow,20,726,275,31,13
S01008624,Edinburgh,22,797,276,4897,6238
S01008830,Edinburgh,26,942,276,6475,6022
S01009849,Glasgow,20,724,276,790,857
S01010208,Glasgow,27,977,276,1595,649
S01010215,Glasgow,28,1015,276,169,279
S01010463,Glasgow,22,798,276,2723,2580
S01008980,Edinburgh,23,830,277,2986,3658
S01009805,Glasgow,26,939,277,579,954
S01010228,Glasgow,23,829,277,208,124
S01010458,Glasgow,21,757,277,765,992
S01008525,Edinburgh,24,862,278,1332,2201
S01010282,Glasgow,28,1006,278,1120.5,1112
S01010412,Glasgow,25,900,278,6070,6072
S01009788,Glasgow,24,859,279,1624,1423
S01009898,Glasgow,19,682,279,594,310
S01010456,Glasgow,15,538,279,1841,880
S01008572,Edinburgh,26,927,280,2761,2822
S01008882,Edinburgh,30,1071,280,6574,6844
S01010009,Glasgow,18,642,280,1955,2333
S01010040,Glasgow,26,930,280,3736,3280
S01010193,Glasgow,21,750,280,4506,3499
S01010265,Glasgow,31,1107,280,6951,6971
S01008470,Edinburgh,25,891,281,1103,825
S01008549,Edinburgh,33,1173,281,4718,4106
S01008917,Edinburgh,22,782,281,838,1091
S01008951,Edinburgh,26,925,281,1776,1994
S01009916,Glasgow,28,996,281,3976,4586
S01010180,Glasgow,22,784,281,2680,2094
S01010414,Glasgow,31,1104,281,4554,4974
S01008545,Edinburgh,24,852,282,6956,6874
S01008563,Edinburgh,24,850,282,1557,1255
S01008729,Edinburgh,20,709,282,5351,5484
S01008734,Edinburgh,18,639,282,4415,5189
S01008935,Edinburgh,27,959,282,6117,6031
S01009822,Glasgow,13,461,282,1828,2357
S01009938,Glasgow,21,745,282,752,496
S01010124,Glasgow,17,603,282,2200,2593
S01010461,Glasgow,18,639,282,688,795
S01008995,Edinburgh,23,813,283,6547.5,6408
S01009799,Glasgow,21,742,283,91,74
S01009837,Glasgow,19,671,283,780,142
S01009842,Glasgow,22,777,283,363,194
S01010079,Glasgow,24,848,283,5989,4582
S01010158,Glasgow,27,953,283,1029,861
S01010309,Glasgow,9,318,283,1175,1248
S01008566,Edinburgh,30,1057,284,1716,1697
S01009861,Glasgow,36,1266,284,599,415
S01009913,Glasgow,20,704,284,5459,5187
S01010059,Glasgow,18,633,284,2054,1693
S01010236,Glasgow,25,881,284,2900,2383
S01010407,Glasgow,26,914,284,5233,5780
S01008726,Edinburgh,17,596,285,6822.5,6913
S01009975,Glasgow,23,807,285,16,17
S01008626,Edinburgh,27,943,286,6938,6961
S01008733,Edinburgh,22,768,286,4295,4115
S01009937,Glasgow,13,455,286,1948,2852
S01008599,Edinburgh,25,870,287,6794.5,6885
S01008975,Edinburgh,22,766,287,3038,2325
S01009998,Glasgow,18,627,287,4017.5,3961
S01008634,Edinburgh,22,765,288,6553,6865
S01008715,Edinburgh,22,763,288,1233,1734
S01008851,Edinburgh,29,1008,288,3351,4248
S01008944,Edinburgh,32,1111,288,6904,6748
S01009940,Glasgow,23,800,288,82,148
S01010290,Glasgow,18,625,288,3114,2860
S01010473,Glasgow,23,798,288,3871,4005
S01008846,Edinburgh,20,691,289,4586,4922
S01009915,Glasgow,25,866,289,4522,5363
S01010172,Glasgow,20,691,289,322,446
S01010425,Glasgow,31,1073,289,281.5,409
S01010495,Glasgow,23,797,289,96,15
S01008863,Edinburgh,19,655,290,5404,5952
S01009836,Glasgow,27,931,290,3036,1295
S01010252,Glasgow,18,620,290,2998,2730
S01009767,Glasgow,32,1099,291,2348,1183
S01010184,Glasgow,17,585,291,696,851
S01010272,Glasgow,39,1342,291,1000,1269
S01010388,Glasgow,28,963,291,1003,703
S01008690,Edinburgh,30,1026,292,5703.5,6156
S01008897,Edinburgh,21,718,292,6916,6752
S01010391,Glasgow,24,823,292,2212,2704
S01008711,Edinburgh,23,785,293,690,1104
S01008724,Edinburgh,30,1024,293,5321,4571
S01010457,Glasgow,16,547,293,2888,2462
S01008421,Edinburgh,26,884,294,3330.5,2866
S01008963,Edinburgh,24,815,294,6842,5301
S01008972,Edinburgh,23,781,294,6789,6280
S01010095,Glasgow,18,613,294,5577,4205
S01010176,Glasgow,22,749,294,1725,1589
S01010316,Glasgow,20,680,294,136,203
S01008432,Edinburgh,20,679,295,6821,6102
S01008571,Edinburgh,20,677,295,2027,2566
S01008582,Edinburgh,31,1051,295,1979,2390
S01008747,Edinburgh,15,509,295,6087.5,5808
S01009844,Glasgow,27,915,295,184,76
S01008847,Edinburgh,19,642,296,6681,6973
S01010489,Glasgow,32,1082,296,915,1154
S01008610,Edinburgh,25,841,297,5483,6086
S01008749,Edinburgh,29,978,297,5565,5502
S01008773,Edinburgh,30,1011,297,2555,2105
S01010421,Glasgow,26,874,297,5347,5522
S01010485,Glasgow,29,972,298,2544,2989
S01008949,Edinburgh,27,903,299,2968,3079
S01009867,Glasgow,37,1239,299,2469,1324
S01010082,Glasgow,24,803,299,3627.5,3223
S01010400,Glasgow,35,1172,299,6230,6393
S01010492,Glasgow,17,568,299,97,58
S01008581,Edinburgh,27,897,301,1359,1214
S01008532,Edinburgh,14,463,302,1783,3389
S01008554,Edinburgh,32,1060,302,816,1056
S01009962,Glasgow,29,959,302,3167.5,3495
S01008431,Edinburgh,25,825,303,6146,5754
S01008605,Edinburgh,21,693,303,6176,6931
S01008737,Edinburgh,25,824,303,6449,6057
S01009957,Glasgow,22,727,303,6013,6316
S01010487,Glasgow,31,1022,303,3184,2839
S01009961,Glasgow,21,691,304,4074,3701
S01010061,Glasgow,16,527,304,2615,1258
S01010111,Glasgow,23,756,304,49,14
S01010131,Glasgow,28,922,304,4046,3063
S01010200,Glasgow,20,658,304,1208,1022
S01008633,Edinburgh,29,951,305,6159,6084
S01008673,Edinburgh,56,1836,305,4168,4834
S01008705,Edinburgh,16,523,306,795,1307
S01008848,Edinburgh,19,621,306,4879,5670
S01009851,Glasgow,27,882,306,681,625
S01010356,Glasgow,25,816,306,1405,2497
S01008512,Edinburgh,16,522,307,6969,6881
S01008679,Edinburgh,44,1431,307,1935,735
S01008987,Edinburgh,24,783,307,6256,5770
S01010100,Glasgow,25,815,307,3831.5,2559
S01010179,Glasgow,25,815,307,219,57
S01010321,Glasgow,27,879,307,1298,659
S01008422,Edinburgh,19,617,308,6833,6334
S01008627,Edinburgh,24,780,308,6929,6777
S01008785,Edinburgh,26,845,308,1166,1254
S01008887,Edinburgh,24,779,308,6380,6115
S01008921,Edinburgh,28,910,308,287,348
S01009818,Glasgow,28,910,308,4052,4511
S01010093,Glasgow,25,812,308,3111.5,2448
S01010368,Glasgow,25,810,309,5430,5479
S01010408,Glasgow,17,550,309,2813,3120
S01010450,Glasgow,24,777,309,1341,1342
S01008555,Edinburgh,33,1063,310,929,1023
S01008635,Edinburgh,26,838,310,6521,6469
S01008727,Edinburgh,34,1097,310,5156,5345
S01010053,Glasgow,31,999,310,691,710
S01010366,Glasgow,33,1065,310,5679,5102
S01008883,Edinburgh,34,1092,311,6899,6582
S01010148,Glasgow,32,1029,311,294,166
S01010262,Glasgow,27,868,311,230,182
S01010328,Glasgow,34,1090,312,1951,1167
S01008447,Edinburgh,23,734,313,6946,6826
S01009820,Glasgow,30,958,313,2467,2361
S01010127,Glasgow,20,639,313,408,246
S01010147,Glasgow,31,992,313,138,98
S01008437,Edinburgh,24,765,314,5485.5,4903
S01009002,Edinburgh,74,2360,314,4828,5565
S01009848,Glasgow,32,1019,314,687,357
S01010039,Glasgow,35,1113,314,4498,4852
S01010080,Glasgow,21,669,314,5667,4043
S01008943,Edinburgh,29,920,315,6935,6912
S01008955,Edinburgh,20,634,315,4556,5907
S01010446,Glasgow,26,825,315,2663,2297
S01008595,Edinburgh,27,854,316,1312,958
S01008914,Edinburgh,29,919,316,3935,3264
S01008922,Edinburgh,26,823,316,1153,1370
S01010097,Glasgow,23,727,316,4004,3600
S01010305,Glasgow,26,822,316,635,640
S01009955,Glasgow,34,1072,317,2309,2434
S01010021,Glasgow,15,473,317,498,233
S01010033,Glasgow,34,1073,317,704,852
S01010225,Glasgow,27,853,317,845,746
S01008484,Edinburgh,25,787,318,4169,3459
S01008766,Edinburgh,32,1006,318,4857,4282
S01009787,Glasgow,24,755,318,188,101
S01009918,Glasgow,22,691,318,5097,5639
S01010249,Glasgow,21,661,318,3399,3212
S01008981,Edinburgh,24,749,320,6339,5891
S01009797,Glasgow,25,782,320,4195,4082
S01010109,Glasgow,29,907,320,1195,744
S01010311,Glasgow,26,812,320,183,150
S01010471,Glasgow,22,688,320,1314,1646
S01008558,Edinburgh,28,872,321,1284,1461
S01008876,Edinburgh,20,623,321,6442,6273
S01008429,Edinburgh,31,964,322,6334,6307
S01010151,Glasgow,20,622,322,193,387
S01008424,Edinburgh,27,836,323,6275.5,6711
S01009904,Glasgow,27,835,323,3035,2876
S01010153,Glasgow,30,929,323,884,56
S01010263,Glasgow,23,713,323,5432,5868
S01010352,Glasgow,16,495,323,391,657
S01010497,Glasgow,21,650,323,403,52
S01008487,Edinburgh,29,894,324,6005,5873
S01010386,Glasgow,33,1020,324,987,696
S01008417,Edinburgh,23,708,325,5218.5,6653
S01010346,Glasgow,30,922,325,3704,3252
S01008479,Edinburgh,25,768,326,2248,1961
S01008607,Edinburgh,20,613,326,5749.5,6669
S01010483,Glasgow,33,1011,326,1149,915
S01009963,Glasgow,24,734,327,6026,5097
S01008593,Edinburgh,25,763,328,6819,6766
S01008879,Edinburgh,27,823,328,4721.5,6266
S01010298,Glasgow,28,853,328,917,752
S01010404,Glasgow,31,945,328,5348.5,6479
S01009760,Glasgow,28,852,329,1083,881
S01009862,Glasgow,37,1126,329,555,204
S01010482,Glasgow,27,820,329,1561,1127
S01008809,Edinburgh,23,697,330,6247,6801
S01009951,Glasgow,24,727,330,6369,6651
S01010076,Glasgow,21,637,330,1819,1094
S01010094,Glasgow,22,667,330,4299,3292
S01010150,Glasgow,24,728,330,140,86
S01009006,Edinburgh,25,756,331,4680,3382
S01009832,Glasgow,32,967,331,2577,2666
S01010159,Glasgow,24,724,331,746,600
S01008823,Edinburgh,23,693,332,6176,6534
S01008938,Edinburgh,27,813,332,5738,5530
S01010087,Glasgow,18,542,332,4184.5,3518
S01008526,Edinburgh,29,872,333,2835,3606
S01008937,Edinburgh,33,989,334,5387.5,5515
S01008950,Edinburgh,33,988,334,4413.5,4281
S01009789,Glasgow,29,867,334,997,782
S01008513,Edinburgh,27,805,335,6806,6330
S01008945,Edinburgh,27,805,335,6658,6710
S01010440,Glasgow,21,626,335,289,463
S01008748,Edinburgh,22,655,336,5940,6239
S01010175,Glasgow,18,536,336,1158,1492
S01010289,Glasgow,33,982,336,6740,6822
S01010413,Glasgow,27,804,336,6225,5391
S01008772,Edinburgh,26,771,337,4075,4654
S01008738,Edinburgh,29,858,338,5897,6264
S01009858,Glasgow,26,770,338,2622,1939
S01009877,Glasgow,33,977,338,4636,5553
S01010436,Glasgow,27,799,338,381,472
S01008560,Edinburgh,23,678,339,1786,1853
S01010220,Glasgow,18,529,340,5961,6867
S01009972,Glasgow,30,880,341,1699.5,2057
S01008510,Edinburgh,31,907,342,6636,6638
S01008916,Edinburgh,36,1052,342,912,1270
S01009935,Glasgow,25,732,342,129,94
S01010323,Glasgow,22,644,342,1,1
S01008597,Edinburgh,29,844,344,6104,5610
S01010283,Glasgow,25,727,344,4537,4634
S01008475,Edinburgh,22,637,345,1899,2266
S01008565,Edinburgh,34,986,345,957,1051
S01008438,Edinburgh,23,665,346,6190,6172
S01008553,Edinburgh,23,664,346,2755,3918
S01008578,Edinburgh,29,838,346,5671.5,6125
S01009943,Glasgow,31,896,346,126,106
S01010063,Glasgow,32,925,346,277,61
S01008536,Edinburgh,20,577,347,6680,5920
S01008712,Edinburgh,39,1124,347,167,299
S01008822,Edinburgh,26,749,347,5994,6410
S01008873,Edinburgh,25,720,347,6839,6894
S01008903,Edinburgh,34,981,347,2472,2471
S01008970,Edinburgh,34,981,347,6650,6411
S01008946,Edinburgh,36,1035,348,6261,6276
S01009838,Glasgow,32,919,348,833,666
S01008829,Edinburgh,26,746,349,5015,5471
S01010084,Glasgow,28,802,349,879,440
S01008775,Edinburgh,17,486,350,3805,3721
S01008891,Edinburgh,27,771,350,6781,6636
S01010188,Glasgow,24,685,350,3795,2424
S01008511,Edinburgh,33,941,351,6757,6489
S01008700,Edinburgh,19,542,351,6469,6190
S01008964,Edinburgh,19,541,351,6179,6827
S01008736,Edinburgh,26,738,352,4097,4024
S01010499,Glasgow,26,738,352,41,78
S01010470,Glasgow,27,763,354,1865,870
S01009819,Glasgow,25,704,355,2366,1430
S01009003,Edinburgh,35,982,356,4725,5924
S01008967,Edinburgh,38,1065,357,6666,6295
S01009873,Glasgow,36,1008,357,2304,2279
S01008473,Edinburgh,24,670,358,1200,1020
S01008768,Edinburgh,38,1060,358,2446,1733
S01008878,Edinburgh,31,865,358,3359.5,3534
S01010043,Glasgow,27,755,358,510,354
S01008704,Edinburgh,48,1335,360,2168,1036
S01008828,Edinburgh,32,889,360,5599,5767
S01009785,Glasgow,28,778,360,394,254
S01008625,Edinburgh,22,607,362,5730,6116
S01008996,Edinburgh,32,883,362,3978,3337
S01008953,Edinburgh,32,882,363,2249,2485
S01010448,Glasgow,31,855,363,2232,2290
S01008909,Edinburgh,28,769,364,2320,3199
S01010417,Glasgow,22,605,364,6403,6207
S01008850,Edinburgh,26,713,365,6348,6926
S01008735,Edinburgh,37,1009,367,6443,6377
S01010136,Glasgow,30,817,367,2255,1926
S01008423,Edinburgh,40,1088,368,6843,6437
S01008540,Edinburgh,33,897,368,6837,6738
S01010099,Glasgow,25,680,368,5133,5014
S01008928,Edinburgh,33,894,369,2376,1780
S01009874,Glasgow,38,1029,369,1055,2160
S01008720,Edinburgh,33,892,370,3532,2991
S01008852,Edinburgh,38,1028,370,6509,6643
S01008895,Edinburgh,33,891,370,6473,6329
S01010221,Glasgow,25,676,370,147,28
S01010152,Glasgow,31,835,371,1681,1302
S01010480,Glasgow,22,587,375,1428,1581
S01008418,Edinburgh,26,691,376,6236.5,6440
S01008941,Edinburgh,38,1011,376,6536,6635
S01008674,Edinburgh,46,1221,377,5112,5547
S01008731,Edinburgh,20,530,377,2502,3325
S01008877,Edinburgh,20,531,377,6241,6662
S01009843,Glasgow,28,740,378,51,31
S01008948,Edinburgh,28,736,380,5429,6053
S01008881,Edinburgh,26,683,381,6825,6595
S01010038,Glasgow,36,940,383,535,385
S01010379,Glasgow,47,1227,383,3884,3940
S01008789,Edinburgh,25,648,386,1106,935
S01008893,Edinburgh,36,931,387,6404,6730
S01008954,Edinburgh,34,878,387,2413,2038
S01009969,Glasgow,35,905,387,5926,5649
S01008722,Edinburgh,41,1058,388,4403,3669
S01008965,Edinburgh,32,825,388,6319,6293
S01008564,Edinburgh,25,642,389,2473,1277
S01008538,Edinburgh,23,585,393,6871,6607
S01009919,Glasgow,43,1095,393,2328,3010
S01008448,Edinburgh,30,761,394,6493,6593
S01008742,Edinburgh,20,508,394,3578,3234
S01008999,Edinburgh,33,836,395,3104,2861
S01010267,Glasgow,41,1039,395,4553,5542
S01008659,Edinburgh,28,706,397,3451,2903
S01008974,Edinburgh,33,832,397,6075,5233
S01008885,Edinburgh,35,876,400,6945,6816
S01008936,Edinburgh,16,399,401,6707,6787
S01009914,Glasgow,39,969,402,4900.5,6139
S01010089,Glasgow,28,694,403,1777,620
S01010435,Glasgow,26,645,403,1314,912
S01008910,Edinburgh,21,520,404,3305,3546
S01010156,Glasgow,21,515,408,719,205
S01010449,Glasgow,30,736,408,1447,1182
S01008680,Edinburgh,29,709,409,4532,4390
S01010469,Glasgow,24,585,410,1440.5,1579
S01008825,Edinburgh,26,631,412,6524,5605
S01008587,Edinburgh,47,1138,413,5195.5,5352
S01009008,Edinburgh,38,917,414,4994,5191
S01008675,Edinburgh,35,843,415,3543,3376
S01008898,Edinburgh,36,867,415,6868,6493
S01010207,Glasgow,12,288,417,5,42
S01008579,Edinburgh,42,999,420,5000.5,4101
S01010297,Glasgow,46,1096,420,952,873
S01009852,Glasgow,23,545,422,2205,1309
S01008939,Edinburgh,33,780,423,6456,6425
S01010106,Glasgow,11,260,423,1227,1071
S01010074,Glasgow,30,708,424,3524,2558
S01010486,Glasgow,39,919,424,5885.5,4835
S01010273,Glasgow,34,800,425,5907,6939
S01009775,Glasgow,33,773,427,155,19
S01008894,Edinburgh,39,906,430,6960,6932
S01008430,Edinburgh,36,831,433,4889,5556
S01010081,Glasgow,28,638,439,4623,3897
S01010130,Glasgow,18,408,441,812,288
S01008884,Edinburgh,32,721,444,6840,6720
S01010054,Glasgow,28,626,447,92,20
S01010245,Glasgow,36,796,452,3,3
S01008443,Edinburgh,28,617,454,6001,6861
S01009871,Glasgow,43,947,454,963,868
S01008698,Edinburgh,23,504,456,6570,5702
S01008827,Edinburgh,35,763,459,6602,6584
S01010055,Glasgow,56,1219,459,195,10
S01009806,Glasgow,40,869,460,1217,725
S01009980,Glasgow,29,629,461,35,7
S01008520,Edinburgh,51,1089,468,6815,6877
S01008997,Edinburgh,52,1106,470,4314,4202
S01010244,Glasgow,31,659,470,747,1463
S01010375,Glasgow,27,571,473,5362.5,6513
S01010212,Glasgow,45,946,476,73,85
S01010155,Glasgow,36,755,477,1222,719
S01008831,Edinburgh,35,731,479,6455,6247
S01009879,Glasgow,43,893,482,5844,6414
S01010337,Glasgow,27,550,491,269,130
S01008940,Edinburgh,31,629,493,6889,6880
S01008849,Edinburgh,37,746,496,6770,6835
S01010154,Glasgow,46,927,496,640,208
S01010046,Glasgow,39,782,499,57,22
S01010071,Glasgow,42,834,504,2434,1246
S01010122,Glasgow,26,511,509,17,9
S01008468,Edinburgh,30,566,530,3468,2914
S01010129,Glasgow,38,707,537,25,27
S01008660,Edinburgh,47,874,538,5687,6131
S01010260,Glasgow,141,2544,554,4327,4866
S01010271,Glasgow,46,800,575,2507.5,2792
S01008992,Edinburgh,35,578,606,3217,3277
S01009833,Glasgow,33,525,629,2648,1339
S01010052,Glasgow,54,848,637,666,193
S01008676,Edinburgh,46,705,652,4221,3817
S01010264,Glasgow,60,913,657,2696,3178
S01008533,Edinburgh,18,258,698,5517,3912
S01010032,Glasgow,59,845,698,2445,405
S01008993,Edinburgh,78,1037,752,5534,5378
